feature,importance_mean,importance_std,rank
max_consumption,0.07901876347302055,0.0015123180152656242,1
long_run_change,0.06155036971640625,0.0026941454511813638,2
std_consumption,0.05671908810854838,0.0026402673411993144,3
observed_days,0.0471591263133197,0.0018172722357056928,4
recent_30d_mean,0.03804204189384751,0.00234834340806339,5
recent_vs_prior_30d_ratio,0.03551888386994893,0.0008779671291250185,6
cv_consumption,0.03427484014956713,0.0010160929059930466,7
missing_days,0.029956098465290702,0.0012877925403708876,8
first_quarter_mean,0.024711571244272767,0.0012308668957555604,9
recent_30d_missing_days,0.017201022637838438,0.0005904602919528484,10
zero_days,0.014361519858078486,0.0006832593695436127,11
consumption_trend_slope,0.013091106559801812,0.0008051782586816744,12
min_consumption,0.011678708842628217,0.0011891710363187242,13
iqr_consumption,0.011634575021980908,0.0010618258206943681,14
last_quarter_mean,0.01159843057436435,0.0004232356735518528,15
zero_ratio_observed,0.010534563170883615,0.0009009238377662082,16
p25_consumption,0.007542575024885712,0.000649680502754634,17
mean_consumption,0.006465723907840759,0.0008464380970919557,18
p90_consumption,0.005499875180939662,0.001090537152477468,19
p75_consumption,0.003996480936529112,0.00018549655761802183,20
median_consumption,0.0037970899328677145,0.00040628450809622934,21
recent_30d_zero_days,0.0030535679066372224,0.0002737531275173748,22
missing_ratio,0.0,0.0,23
recent_change,0.0,0.0,24
